{
    "window_seconds": 10,
    "mode": "simple",
    "optimal_threshold": 0.5015356540679932,
    "keras_metrics": {
        "pr_auc": 0.4527402862307982,
        "roc_auc": 0.9501684254144289,
        "precision": 0.3413173652694611,
        "recall": 0.7651006711409396,
        "f1": 0.47204968944099385,
        "confusion_matrix": [
            [
                2663,
                220
            ],
            [
                35,
                114
            ]
        ],
        "inference_time_total_s": 1.7439873218536377
    },
    "cvpfi": {
        "sensor_data": {
            "mean": 0.2833032683262824,
            "std": 0.0033417703213611595,
            "scores": [
                0.2779767510505749,
                0.2862643659964407,
                0.280834822414051,
                0.285041634375328,
                0.2863987677950173
            ]
        },
        "speed_data": {
            "mean": 0.1387529822471309,
            "std": 0.018555694895616023,
            "scores": [
                0.10972891819860053,
                0.1660551331535639,
                0.1321900685378662,
                0.13758623787936947,
                0.14820455346625427
            ]
        },
        "device_data": {
            "mean": -0.008173059145486373,
            "std": 0.0010343633770777084,
            "scores": [
                -0.009137365174678114,
                -0.008687421373213322,
                -0.0062378929860296695,
                -0.00879247310524478,
                -0.008010143088265975
            ]
        }
    },
    "model_size_mb": {
        "keras": 1.9773893356323242,
        "tflite": 0.679412841796875
    }
}